{
    "cog": {
        "X": 74.9382626568117, 
        "Y": 81.54828089559153, 
        "Z": 91.79128231264956
    }, 
    "file": "WINDGAUGE_R03.gcode", 
    "slicer_translation": {
        "X": 0, 
        "Y": 0, 
        "Z": 0
    }, 
    "stl_cog": {
        "X": 74.9382626568117, 
        "Y": 81.54828089559153, 
        "Z": 91.79128231264956
    }
}