{
    "cog": {
        "X": 74.26262344160456, 
        "Y": 80.93476707691667, 
        "Z": 76.06030840224767
    }, 
    "file": "WINDGAUGE_R03.gcode", 
    "slicer_translation": {
        "X": 75.0, 
        "Y": 75.0, 
        "Z": -0.0
    }, 
    "stl_cog": {
        "X": -0.7373765583954395, 
        "Y": 5.934767076916671, 
        "Z": 76.06030840224767
    }
}